lakeid,year,daynum,sampledate,depth,event,wtemp,o2,o2sat
TB,1982,27,1/27/82,0,Chem,0,8.6,62.4
TB,1982,27,1/27/82,1,Chem,1.2,6,45
TB,1982,27,1/27/82,2,Chem,2.6,4.3,33.5
TB,1982,27,1/27/82,3,Chem,3.4,2.8,22.3
TB,1982,27,1/27/82,4,Chem,3.6,1.1,8.8
TB,1982,27,1/27/82,5,Chem,3.6,0.6,4.8
TB,1982,27,1/27/82,6,Chem,3.7,0.5,4
TB,1982,27,1/27/82,7,Chem,3.7,0.5,4
TB,1982,62,3/3/82,0,Quarterly,0,7.75,56.25
TB,1982,62,3/3/82,1,Quarterly,1,5.1,38.1
TB,1982,62,3/3/82,2,Quarterly,2.9,1.1,8.7
TB,1982,62,3/3/82,3,Quarterly,3.5,0.7,5.6
TB,1982,62,3/3/82,4,Quarterly,3.7,0.7,5.6
TB,1982,62,3/3/82,5,Quarterly,3.8,0.6,4.8
TB,1982,62,3/3/82,6,Quarterly,3.8,0.5,4
TB,1982,62,3/3/82,7,Quarterly,3.9,0.5,4
TB,1982,96,4/6/82,0,Chem,0,6.9,50.1
TB,1982,96,4/6/82,1,Chem,0.6,2.6,19.2
TB,1982,96,4/6/82,2,Chem,1.6,0.6,4.6
TB,1982,96,4/6/82,3,Chem,2.9,0.1,0.8
TB,1982,96,4/6/82,4,Chem,3.4,0,0
TB,1982,96,4/6/82,5,Chem,3.6,0,0
TB,1982,96,4/6/82,6,Chem,3.7,0,0
TB,1982,96,4/6/82,7,Chem,3.9,0,0
TB,1983,10,1/10/83,0,Chem,0.3,14.6,106.9
TB,1983,10,1/10/83,1,Chem,1.8,5.2,39.7
TB,1983,10,1/10/83,2,Chem,3.2,3.4,27
TB,1983,10,1/10/83,3,Chem,3.6,4.6,36.9
TB,1983,10,1/10/83,4,Chem,3.7,1.2,9.6
TB,1983,10,1/10/83,5,Chem,3.9,0.4,3.2
TB,1983,10,1/10/83,6,Chem,4,0.2,1.6
TB,1983,10,1/10/83,7,Chem,4,0.1,0.8
TB,1983,53,2/22/83,0,Quarterly,0.7,12.7,94
TB,1983,53,2/22/83,1,Quarterly,1.9,4.5,34.4
TB,1983,53,2/22/83,2,Quarterly,2.7,1.6,12.5
TB,1983,53,2/22/83,3,Quarterly,3.4,0.6,4.8
TB,1983,53,2/22/83,4,Quarterly,3.5,0.2,1.6
TB,1983,53,2/22/83,5,Quarterly,3.6,0.1,0.8
TB,1983,53,2/22/83,6,Quarterly,3.7,0.1,0.8
TB,1983,53,2/22/83,7,Quarterly,3.9,0,0
TB,1983,83,3/24/83,0,Chem,0.7,11.3,83.7
TB,1983,83,3/24/83,1,Chem,1.5,4.8,36.3
TB,1983,83,3/24/83,2,Chem,2.6,1.1,8.6
TB,1983,83,3/24/83,3,Chem,3.2,0.2,1.6
TB,1983,83,3/24/83,4,Chem,3.6,0.2,1.6
TB,1983,83,3/24/83,5,Chem,3.7,0.2,1.6
TB,1983,83,3/24/83,6,Chem,3.9,0.2,1.6
TB,1983,83,3/24/83,7,Chem,4,0.2,1.6
TB,1984,3,1/3/84,0,Chem,0.2,7.2,52.6
TB,1984,3,1/3/84,1,Chem,1.5,4.8,36.3
TB,1984,3,1/3/84,2,Chem,2.8,3.3,25.9
TB,1984,3,1/3/84,3,Chem,3.2,2.5,19.8
TB,1984,3,1/3/84,4,Chem,3.5,1.8,14.4
TB,1984,3,1/3/84,5,Chem,3.7,0.4,3.2
TB,1984,3,1/3/84,6,Chem,3.8,0.3,2.4
TB,1984,3,1/3/84,7,Chem,3.8,0.2,1.6
TB,1984,59,2/28/84,0,Quarterly,0.4,5,36.7
TB,1984,59,2/28/84,1,Quarterly,1.3,4.1,30.9
TB,1984,59,2/28/84,2,Quarterly,2.5,2.4,18.7
TB,1984,59,2/28/84,3,Quarterly,3.1,1,7.9
TB,1984,59,2/28/84,4,Quarterly,3.4,0.4,3.2
TB,1984,59,2/28/84,5,Quarterly,3.7,0.2,1.6
TB,1984,59,2/28/84,6,Quarterly,3.9,0.2,1.6
TB,1984,59,2/28/84,7,Quarterly,4,0.2,1.6
TB,1984,95,4/4/84,0,Chem,0.6,7.3,53.9
TB,1984,95,4/4/84,1,Chem,2,7.2,55.3
TB,1984,95,4/4/84,2,Chem,2.3,4.6,35.6
TB,1984,95,4/4/84,3,Chem,3.1,0.9,7.1
TB,1984,95,4/4/84,4,Chem,3.4,0.5,4
TB,1984,95,4/4/84,5,Chem,3.7,0.4,3.2
TB,1984,95,4/4/84,6,Chem,3.8,0.3,2.4
TB,1984,95,4/4/84,7,Chem,4,0.3,2.4
TB,1985,15,1/15/85,0,Chem,0.6,11,81.2
TB,1985,15,1/15/85,1,Chem,1.6,4.5,34.2
TB,1985,15,1/15/85,2,Chem,2.6,3.5,27.3
TB,1985,15,1/15/85,3,Chem,3.1,2.8,22.1
TB,1985,15,1/15/85,4,Chem,3.3,2.3,18.3
TB,1985,15,1/15/85,5,Chem,3.5,0.3,2.4
TB,1985,15,1/15/85,6,Chem,3.6,0.3,2.4
TB,1985,15,1/15/85,7,Chem,3.6,0.3,2.4
TB,1985,58,2/27/85,0,Quarterly,0.2,9.3,67.9
TB,1985,58,2/27/85,1,Quarterly,0.9,5.1,38
TB,1985,58,2/27/85,2,Quarterly,2.3,2.9,22.4
TB,1985,58,2/27/85,3,Quarterly,3,1.9,15
TB,1985,58,2/27/85,4,Quarterly,3.4,0.4,3.2
TB,1985,58,2/27/85,5,Quarterly,3.6,0.2,1.6
TB,1985,58,2/27/85,6,Quarterly,3.7,0.2,1.6
TB,1985,58,2/27/85,7,Quarterly,3.8,0.2,1.6
TB,1985,84,3/25/85,0,Chem,1.4,11.4,86.1
TB,1985,84,3/25/85,1,Chem,1.5,7.7,58.3
TB,1985,84,3/25/85,2,Chem,2.5,2.7,21
TB,1985,84,3/25/85,3,Chem,3.1,0.5,4
TB,1985,84,3/25/85,4,Chem,3.6,0.3,2.4
TB,1985,84,3/25/85,5,Chem,3.6,0.3,2.4
TB,1985,84,3/25/85,6,Chem,3.8,0.3,2.4
TB,1985,84,3/25/85,7,Chem,3.9,0.3,2.4
TB,1986,10,1/10/86,0,Chem,1.1,1.2,9
TB,1986,10,1/10/86,1,Chem,1.8,1,7.6
TB,1986,10,1/10/86,2,Chem,3,0.2,1.6
TB,1986,10,1/10/86,3,Chem,3.7,0.2,1.6
TB,1986,10,1/10/86,4,Chem,3.8,0.1,0.8
TB,1986,10,1/10/86,5,Chem,3.8,0.1,0.8
TB,1986,10,1/10/86,6,Chem,3.9,0.1,0.8
TB,1986,10,1/10/86,7,Chem,4,0.1,0.8
TB,1986,56,2/25/86,0,Quarterly,0.4,0.1,0.7
TB,1986,56,2/25/86,1,Quarterly,0.9,0.1,0.7
TB,1986,56,2/25/86,2,Quarterly,2.4,0.1,0.8
TB,1986,56,2/25/86,3,Quarterly,3.3,0.1,0.8
TB,1986,56,2/25/86,4,Quarterly,3.7,0.1,0.8
TB,1986,56,2/25/86,5,Quarterly,3.8,0.1,0.8
TB,1986,56,2/25/86,6,Quarterly,3.9,0.1,0.8
TB,1986,56,2/25/86,7,Quarterly,3.9,0.1,0.8
TB,1986,90,3/31/86,0,Chem,0.4,9.2,67.5
TB,1986,90,3/31/86,1,Chem,0.4,0.6,4.4
TB,1986,90,3/31/86,2,Chem,1.8,0.3,2.3
TB,1986,90,3/31/86,3,Chem,3.2,0.3,2.4
TB,1986,90,3/31/86,4,Chem,3.6,0.2,1.6
TB,1986,90,3/31/86,5,Chem,3.8,0.2,1.6
TB,1986,90,3/31/86,6,Chem,3.9,0.2,1.6
TB,1986,90,3/31/86,7,Chem,4,0.2,1.6
TB,1987,15,1/15/87,0,Chem,1.2,1.7,12.8
TB,1987,15,1/15/87,1,Chem,2,1.2,9.2
TB,1987,15,1/15/87,2,Chem,3.5,1.1,8.8
TB,1987,15,1/15/87,3,Chem,3.9,0.8,6.5
TB,1987,15,1/15/87,4,Chem,4,0.2,1.6
TB,1987,15,1/15/87,5,Chem,4.1,0.1,0.8
TB,1987,15,1/15/87,6,Chem,4.1,0.1,0.8
TB,1987,15,1/15/87,7,Chem,4.1,0.1,0.8
TB,1987,54,2/23/87,0,Quarterly,0.5,1.8,13.3
TB,1987,54,2/23/87,1,Quarterly,1.4,1.1,8.3
TB,1987,54,2/23/87,2,Quarterly,2.9,0.7,5.5
TB,1987,54,2/23/87,3,Quarterly,3.6,0.3,2.4
TB,1987,54,2/23/87,4,Quarterly,4,0.2,1.6
TB,1987,54,2/23/87,5,Quarterly,4,0.2,1.6
TB,1987,54,2/23/87,6,Quarterly,4,0.2,1.6
TB,1987,54,2/23/87,7,Quarterly,4.1,0.2,1.6
TB,1987,79,3/20/87,0,Chem,0.5,1.1,8.1
TB,1987,79,3/20/87,1,Chem,1.6,1.2,9.1
TB,1987,79,3/20/87,2,Chem,2.9,0.3,2.4
TB,1987,79,3/20/87,3,Chem,3.6,0.2,1.6
TB,1987,79,3/20/87,4,Chem,3.9,0.2,1.6
TB,1987,79,3/20/87,5,Chem,3.9,0.2,1.6
TB,1987,79,3/20/87,6,Chem,4,0.2,1.6
TB,1987,79,3/20/87,7,Chem,4.1,0.2,1.6
TB,1988,14,1/14/88,0,Chem,0.7,8,59.2
TB,1988,14,1/14/88,1,Chem,1.8,4.9,37.4
TB,1988,14,1/14/88,2,Chem,3,3.6,28.4
TB,1988,14,1/14/88,3,Chem,3.5,3.2,25.6
TB,1988,14,1/14/88,4,Chem,3.7,2.4,19.3
TB,1988,14,1/14/88,5,Chem,3.8,1.4,11.3
TB,1988,14,1/14/88,6,Chem,3.9,0.6,4.8
TB,1988,14,1/14/88,7,Chem,4,0.4,3.2
TB,1988,61,3/1/88,0,Quarterly,0.2,4.6,33.6
TB,1988,61,3/1/88,1,Quarterly,1.1,3.7,27.7
TB,1988,61,3/1/88,2,Quarterly,2.5,3,23.3
TB,1988,61,3/1/88,3,Quarterly,3,2.5,19.7
TB,1988,61,3/1/88,4,Quarterly,3.6,0.7,5.6
TB,1988,61,3/1/88,5,Quarterly,3.7,0.5,4
TB,1988,61,3/1/88,6,Quarterly,3.8,0.5,4
TB,1988,61,3/1/88,7,Quarterly,4.1,0.4,3.2
TB,1988,83,3/23/88,0,Chem,0.3,7.2,52.7
TB,1988,83,3/23/88,1,Chem,1.1,3.5,26.2
TB,1988,83,3/23/88,2,Chem,2.3,2.4,18.6
TB,1988,83,3/23/88,3,Chem,3,1.7,13.4
TB,1988,83,3/23/88,4,Chem,3.4,0.5,4
TB,1988,83,3/23/88,5,Chem,3.6,0.3,2.4
TB,1988,83,3/23/88,6,Chem,3.8,0.3,2.4
TB,1989,17,1/17/89,0,Chem,0.4,12.6,92.5
TB,1989,17,1/17/89,1,Chem,1.1,11.4,85.3
TB,1989,17,1/17/89,2,Chem,2.5,8.5,66.1
TB,1989,17,1/17/89,3,Chem,3.1,6.7,53
TB,1989,17,1/17/89,4,Chem,3.2,5.8,46
TB,1989,17,1/17/89,5,Chem,3.5,2.3,18.4
TB,1989,17,1/17/89,6,Chem,3.6,0.7,5.6
TB,1989,65,3/6/89,0,Quarterly,0.5,9.3,68.5
TB,1989,65,3/6/89,1,Quarterly,0.7,9,66.6
TB,1989,65,3/6/89,2,Quarterly,2.2,6.9,53.3
TB,1989,65,3/6/89,3,Quarterly,3.1,3.2,25.3
TB,1989,65,3/6/89,4,Quarterly,3.3,0.7,5.6
TB,1989,65,3/6/89,5,Quarterly,3.4,0.6,4.8
TB,1989,65,3/6/89,6,Quarterly,3.6,0.5,4
TB,1989,86,3/27/89,0,Chem,0.5,10.6,78
TB,1989,86,3/27/89,1,Chem,0.8,9.5,70.5
TB,1989,86,3/27/89,2,Chem,2,6.6,50.7
TB,1989,86,3/27/89,3,Chem,2.9,2.5,19.7
TB,1989,86,3/27/89,4,Chem,3.2,0.8,6.3
TB,1989,86,3/27/89,5,Chem,3.4,0.6,4.8
TB,1989,86,3/27/89,6,Chem,3.5,0.5,4
TB,1990,15,1/15/90,0,Chem,0.7,8,59.2
TB,1990,15,1/15/90,1,Chem,1.9,4.5,34.4
TB,1990,15,1/15/90,2,Chem,3.2,1.6,12.7
TB,1990,15,1/15/90,3,Chem,3.6,0.3,2.4
TB,1990,15,1/15/90,4,Chem,3.8,0.2,1.6
TB,1990,15,1/15/90,5,Chem,3.9,0.1,0.8
TB,1990,15,1/15/90,6,Chem,4,0.1,0.8
TB,1990,59,2/28/90,0,Quarterly,2,3.5,26.9
TB,1990,59,2/28/90,1,Quarterly,2,2.5,19.2
TB,1990,59,2/28/90,2,Quarterly,2.8,0.2,1.6
TB,1990,59,2/28/90,3,Quarterly,3.7,0.2,1.6
TB,1990,59,2/28/90,4,Quarterly,4,0.1,0.8
TB,1990,59,2/28/90,5,Quarterly,4.2,0.1,0.8
TB,1990,59,2/28/90,6,Quarterly,4.3,0.1,0.8
TB,1990,59,2/28/90,7,Quarterly,4.3,0.1,0.8
TB,1990,86,3/27/90,0,Chem,1.4,2,15.1
TB,1990,86,3/27/90,1,Chem,1.5,1.5,11.4
TB,1990,86,3/27/90,2,Chem,2.2,0.3,2.3
TB,1990,86,3/27/90,3,Chem,3,0.2,1.6
TB,1990,86,3/27/90,4,Chem,3.6,0.1,0.8
TB,1990,86,3/27/90,5,Chem,3.8,0.1,0.8
TB,1990,86,3/27/90,6,Chem,3.9,0.1,0.8
TB,1990,86,3/27/90,7,Chem,4.1,0.1,0.8
TB,1991,16,1/16/91,0,Chem,-0.6,8.6,61.3
TB,1991,16,1/16/91,1,Chem,0.5,6.7,49.3
TB,1991,16,1/16/91,2,Chem,2.2,4.1,31.6
TB,1991,16,1/16/91,3,Chem,2.5,2.4,18.7
TB,1991,16,1/16/91,4,Chem,2.8,0.8,6.3
TB,1991,16,1/16/91,5,Chem,2.8,0.8,6.3
TB,1991,16,1/16/91,6,Chem,2.8,0.6,4.7
TB,1991,16,1/16/91,7,Chem,2.8,0.6,4.7
TB,1991,51,2/20/91,0,Quarterly,-1.1,11.1,78
TB,1991,51,2/20/91,1,Quarterly,-0.2,5.1,36.8
TB,1991,51,2/20/91,2,Quarterly,1.3,0.9,6.8
TB,1991,51,2/20/91,3,Quarterly,1.7,0.8,6.1
TB,1991,51,2/20/91,4,Quarterly,2,0.7,5.4
TB,1991,51,2/20/91,5,Quarterly,2,0.7,5.4
TB,1991,51,2/20/91,6,Quarterly,2.2,0.7,5.4
TB,1991,51,2/20/91,7,Quarterly,2.2,0.7,5.4
TB,1991,80,3/21/91,0,Chem,0.7,13.1,97
TB,1991,80,3/21/91,1,Chem,1.4,5.1,38.5
TB,1991,80,3/21/91,2,Chem,2.5,0.3,2.3
TB,1991,80,3/21/91,3,Chem,3.2,0.2,1.6
TB,1991,80,3/21/91,4,Chem,3.5,0.2,1.6
TB,1991,80,3/21/91,5,Chem,3.7,0.1,0.8
TB,1991,80,3/21/91,6,Chem,3.8,0.1,0.8
TB,1991,80,3/21/91,7,Chem,3.9,0.1,0.8
TB,1992,15,1/15/92,0,Chem,0.2,4.5,32.8
TB,1992,15,1/15/92,1,Chem,1.7,2.6,19.8
TB,1992,15,1/15/92,2,Chem,2.9,1.4,11
TB,1992,15,1/15/92,3,Chem,3.5,0.8,6.4
TB,1992,15,1/15/92,4,Chem,3.7,0.4,3.2
TB,1992,15,1/15/92,5,Chem,3.8,0.2,1.6
TB,1992,15,1/15/92,6,Chem,3.9,0.1,0.8
TB,1992,15,1/15/92,7,Chem,4,0.1,0.8
TB,1992,57,2/26/92,0,Quarterly,0.2,1.4,10.2
TB,1992,57,2/26/92,1,Quarterly,1.3,0.6,4.5
TB,1992,57,2/26/92,2,Quarterly,2.7,0.1,0.8
TB,1992,57,2/26/92,3,Quarterly,3.5,0.1,0.8
TB,1992,57,2/26/92,4,Quarterly,3.8,0.1,0.8
TB,1992,57,2/26/92,5,Quarterly,3.8,0.1,0.8
TB,1992,57,2/26/92,6,Quarterly,4,0.1,0.8
TB,1992,57,2/26/92,7,Quarterly,4,0.1,0.8
TB,1992,83,3/23/92,0,Chem,0.2,4.7,34.3
TB,1992,83,3/23/92,1,Chem,1.2,0.3,2.3
TB,1992,83,3/23/92,2,Chem,2.4,0.2,1.6
TB,1992,83,3/23/92,3,Chem,3.3,0.1,0.8
TB,1992,83,3/23/92,4,Chem,3.7,0.1,0.8
TB,1992,83,3/23/92,5,Chem,3.9,0.1,0.8
TB,1992,83,3/23/92,6,Chem,4,0.1,0.8
TB,1992,83,3/23/92,7,Chem,4,0.1,0.8
TB,1993,14,1/14/93,0,Chem,0.6,6.5,48
TB,1993,14,1/14/93,1,Chem,1.9,2.6,19.9
TB,1993,14,1/14/93,2,Chem,3.2,0.9,7.1
TB,1993,14,1/14/93,3,Chem,3.7,0.7,5.6
TB,1993,14,1/14/93,4,Chem,3.9,0.6,4.8
TB,1993,14,1/14/93,5,Chem,4,0.6,4.9
TB,1993,14,1/14/93,6,Chem,4,0.5,4
TB,1993,14,1/14/93,7,Chem,4.1,0.5,4.1
TB,1993,55,2/24/93,0,Quarterly,0.9,1.5,11.2
TB,1993,55,2/24/93,1,Quarterly,1.6,0.8,6.1
TB,1993,55,2/24/93,2,Quarterly,2.7,0.2,1.6
TB,1993,55,2/24/93,3,Quarterly,3.5,0.2,1.6
TB,1993,55,2/24/93,4,Quarterly,3.7,0.2,1.6
TB,1993,55,2/24/93,5,Quarterly,3.9,0.2,1.6
TB,1993,55,2/24/93,6,Quarterly,4,0.2,1.6
TB,1993,55,2/24/93,7,Quarterly,4.1,0.2,1.6
TB,1993,82,3/23/93,0,Chem,0.5,0.1,0.7
TB,1993,82,3/23/93,1,Chem,1.1,0.1,0.7
TB,1993,82,3/23/93,2,Chem,2.5,0.1,0.8
TB,1993,82,3/23/93,3,Chem,3.3,0.1,0.8
TB,1993,82,3/23/93,4,Chem,3.7,0.1,0.8
TB,1993,82,3/23/93,5,Chem,3.9,0.1,0.8
TB,1993,82,3/23/93,6,Chem,4,0.2,1.6
TB,1993,82,3/23/93,7,Chem,4.1,0.2,1.6
TB,1994,17,1/17/94,0,Chem,0,6.6,47.9
TB,1994,17,1/17/94,1,Chem,1.5,3.8,28.8
TB,1994,17,1/17/94,2,Chem,3,1.6,12.6
TB,1994,17,1/17/94,3,Chem,3.4,0.5,4
TB,1994,17,1/17/94,4,Chem,3.6,0.2,1.6
TB,1994,17,1/17/94,5,Chem,3.7,0.2,1.6
TB,1994,17,1/17/94,6,Chem,3.8,0.2,1.6
TB,1994,17,1/17/94,7,Chem,3.9,0.2,1.6
TB,1994,55,2/24/94,0,Quarterly,0.2,2.8,20.4
TB,1994,55,2/24/94,1,Quarterly,1,1.6,11.9
TB,1994,55,2/24/94,2,Quarterly,2.5,0.3,2.3
TB,1994,55,2/24/94,3,Quarterly,3.2,0.2,1.6
TB,1994,55,2/24/94,4,Quarterly,3.4,0.2,1.6
TB,1994,55,2/24/94,5,Quarterly,3.7,0.2,1.6
TB,1994,55,2/24/94,6,Quarterly,3.8,0.2,1.6
TB,1994,55,2/24/94,7,Quarterly,3.9,0.2,1.6
TB,1994,87,3/28/94,0,Chem,0.5,1.7,12.5
TB,1994,87,3/28/94,1,Chem,1.5,1.7,12.9
TB,1994,87,3/28/94,2,Chem,2.5,0.4,3.1
TB,1994,87,3/28/94,3,Chem,3.3,0.2,1.6
TB,1994,87,3/28/94,4,Chem,3.6,0.2,1.6
TB,1994,87,3/28/94,5,Chem,3.8,0.2,1.6
TB,1994,87,3/28/94,6,Chem,4,0.2,1.6
TB,1994,87,3/28/94,7,Chem,4.1,0.2,1.6
TB,1995,12,1/12/95,0,Chem,0.3,3.7,27.1
TB,1995,12,1/12/95,1,Chem,1.8,2.4,18.3
TB,1995,12,1/12/95,2,Chem,3.2,1.8,14.3
TB,1995,12,1/12/95,3,Chem,3.6,1.4,11.2
TB,1995,12,1/12/95,4,Chem,3.8,0.3,2.4
TB,1995,12,1/12/95,5,Chem,3.8,0.1,0.8
TB,1995,12,1/12/95,6,Chem,3.8,0.1,0.8
TB,1995,12,1/12/95,7,Chem,3.9,0.1,0.8
TB,1995,45,2/14/95,0,Quarterly,0.3,3.5,25.6
TB,1995,45,2/14/95,1,Quarterly,1.4,1.8,13.6
TB,1995,45,2/14/95,2,Quarterly,3,0.9,7.1
TB,1995,45,2/14/95,3,Quarterly,3.5,0.5,4
TB,1995,45,2/14/95,4,Quarterly,3.7,0.3,2.4
TB,1995,45,2/14/95,5,Quarterly,3.7,0.2,1.6
TB,1995,45,2/14/95,6,Quarterly,3.9,0.2,1.6
TB,1995,45,2/14/95,7,Quarterly,3.9,0.1,0.8
TB,1995,79,3/20/95,0,Chem,0.8,4.7,34.9
TB,1995,79,3/20/95,1,Chem,1.7,1.8,13.7
TB,1995,79,3/20/95,2,Chem,2.4,0.4,3.1
TB,1995,79,3/20/95,3,Chem,3.5,0.2,1.6
TB,1995,79,3/20/95,4,Chem,3.6,0.2,1.6
TB,1995,79,3/20/95,5,Chem,3.8,0.2,1.6
TB,1995,79,3/20/95,6,Chem,3.9,0.2,1.6
TB,1995,79,3/20/95,7,Chem,4,0.2,1.6
TB,1996,17,1/17/96,0,Chem,-0.5,3.7,26.5
TB,1996,17,1/17/96,1,Chem,0.6,2.2,16.2
TB,1996,17,1/17/96,2,Chem,2,1.3,10
TB,1996,17,1/17/96,3,Chem,2.8,0.6,4.7
TB,1996,17,1/17/96,4,Chem,3.1,0.1,0.8
TB,1996,17,1/17/96,5,Chem,3.2,0.1,0.8
TB,1996,17,1/17/96,6,Chem,3.2,0.1,0.8
TB,1996,17,1/17/96,7,Chem,3.3,0.1,0.8
TB,1996,52,2/21/96,0,Quarterly,0.2,1.3,9.5
TB,1996,52,2/21/96,1,Quarterly,0.8,1.2,8.9
TB,1996,52,2/21/96,2,Quarterly,2.3,0.2,1.5
TB,1996,52,2/21/96,3,Quarterly,3.2,0.1,0.8
TB,1996,52,2/21/96,4,Quarterly,3.7,0.1,0.8
TB,1996,52,2/21/96,5,Quarterly,3.9,0.1,0.8
TB,1996,52,2/21/96,6,Quarterly,3.9,0.1,0.8
TB,1996,52,2/21/96,7,Quarterly,4.1,0.1,0.8
TB,1996,93,4/2/96,0,Chem,0.2,0.6,4.4
TB,1996,93,4/2/96,1,Chem,0.6,0.1,0.7
TB,1996,93,4/2/96,2,Chem,2.2,0.1,0.8
TB,1996,93,4/2/96,3,Chem,3.2,0.1,0.8
TB,1996,93,4/2/96,4,Chem,3.6,0.1,0.8
TB,1996,93,4/2/96,5,Chem,3.9,0,0
TB,1996,93,4/2/96,6,Chem,4,0,0
TB,1996,93,4/2/96,7,Chem,4.1,0,0
TB,1997,21,1/21/97,0,Chem,0.8,4.8,35.6
TB,1997,21,1/21/97,1,Chem,2,2.1,16.1
TB,1997,21,1/21/97,2,Chem,3.2,1.2,9.5
TB,1997,21,1/21/97,3,Chem,3.8,0.9,7.3
TB,1997,21,1/21/97,4,Chem,3.9,0.5,4
TB,1997,21,1/21/97,5,Chem,4,0.4,3.2
TB,1997,21,1/21/97,6,Chem,4,0.3,2.4
TB,1997,21,1/21/97,7,Chem,4.1,0.3,2.4
TB,1997,49,2/18/97,0,Quarterly,0.2,3.2,23.4
TB,1997,49,2/18/97,1,Quarterly,0.9,2.4,17.9
TB,1997,49,2/18/97,2,Quarterly,2.8,0.7,5.5
TB,1997,49,2/18/97,3,Quarterly,3.7,0.4,3.2
TB,1997,49,2/18/97,4,Quarterly,3.8,0.3,2.4
TB,1997,49,2/18/97,5,Quarterly,4,0.3,2.4
TB,1997,49,2/18/97,6,Quarterly,4.1,0.3,2.4
TB,1997,49,2/18/97,7,Quarterly,4.1,0.3,2.4
TB,1997,83,3/24/97,0,Chem,0.2,1.3,9.5
TB,1997,83,3/24/97,1,Chem,0.8,1.1,8.2
TB,1997,83,3/24/97,2,Chem,2.5,0.4,3.1
TB,1997,83,3/24/97,3,Chem,3.5,0.3,2.4
TB,1997,83,3/24/97,4,Chem,3.8,0.3,2.4
TB,1997,83,3/24/97,5,Chem,4,0.3,2.4
TB,1997,83,3/24/97,6,Chem,4,0.3,2.4
TB,1997,83,3/24/97,7,Chem,4.2,0.3,2.4
TB,1998,19,1/19/98,0,Chem,0.5,1.8,13.3
TB,1998,19,1/19/98,1,Chem,1.9,1.7,13
TB,1998,19,1/19/98,2,Chem,3.4,1.4,11.2
TB,1998,19,1/19/98,3,Chem,3.9,1.2,9.7
TB,1998,19,1/19/98,4,Chem,4.1,0.8,6.5
TB,1998,19,1/19/98,5,Chem,4.1,0.6,4.9
TB,1998,19,1/19/98,6,Chem,4.2,0.2,1.6
TB,1998,19,1/19/98,7,Chem,4.3,0.2,1.6
TB,1998,49,2/18/98,0,Quarterly,0.7,1.1,8.1
TB,1998,49,2/18/98,1,Quarterly,1.7,1.2,9.1
TB,1998,49,2/18/98,2,Quarterly,3,0.9,7.1
TB,1998,49,2/18/98,3,Quarterly,3.7,0.6,4.8
TB,1998,49,2/18/98,4,Quarterly,3.9,0.5,4
TB,1998,49,2/18/98,5,Quarterly,4,0.4,3.2
TB,1998,49,2/18/98,6,Quarterly,4.2,0.3,2.4
TB,1998,49,2/18/98,7,Quarterly,4.3,0.3,2.4
TB,1998,75,3/16/98,0,Chem,0.5,11.4,83.9
TB,1998,75,3/16/98,1,Chem,1.6,1.3,9.9
TB,1998,75,3/16/98,2,Chem,2.8,0.6,4.7
TB,1998,75,3/16/98,3,Chem,3.6,0.3,2.4
TB,1998,75,3/16/98,4,Chem,3.9,0.3,2.4
TB,1998,75,3/16/98,5,Chem,4,0.2,1.6
TB,1998,75,3/16/98,6,Chem,4.2,0.2,1.6
TB,1998,75,3/16/98,7,Chem,4.3,0.2,1.6
TB,1999,22,1/22/99,0,Chem,0.5,2.2,16.2
TB,1999,22,1/22/99,1,Chem,1.8,2.2,16.8
TB,1999,22,1/22/99,2,Chem,3,2.5,19.7
TB,1999,22,1/22/99,3,Chem,3.5,2.3,18.4
TB,1999,22,1/22/99,4,Chem,3.5,1.9,15.2
TB,1999,22,1/22/99,5,Chem,3.7,1.1,8.8
TB,1999,22,1/22/99,6,Chem,3.7,0.2,1.6
TB,1999,22,1/22/99,7,Chem,3.7,0.1,0.8
TB,1999,55,2/24/99,0,Quarterly,0.1,0.5,3.6
TB,1999,55,2/24/99,1,Quarterly,1.1,0.2,1.5
TB,1999,55,2/24/99,2,Quarterly,2.3,0.5,3.9
TB,1999,55,2/24/99,3,Quarterly,3.3,0.1,0.8
TB,1999,55,2/24/99,4,Quarterly,3.5,0.1,0.8
TB,1999,55,2/24/99,5,Quarterly,3.6,0.1,0.8
TB,1999,55,2/24/99,6,Quarterly,3.6,0.1,0.8
TB,1999,55,2/24/99,7,Quarterly,3.6,0.1,0.8
TB,1999,82,3/23/99,0,Chem,0,0.7,5.1
TB,1999,82,3/23/99,1,Chem,0.7,0.2,1.5
TB,1999,82,3/23/99,2,Chem,2.1,0.2,1.5
TB,1999,82,3/23/99,3,Chem,3.1,0.2,1.6
TB,1999,82,3/23/99,4,Chem,3.4,0.1,0.8
TB,1999,82,3/23/99,5,Chem,3.5,0.1,0.8
TB,1999,82,3/23/99,6,Chem,3.6,0.1,0.8
TB,2000,27,1/27/00,0,Chem,0.4,2.8,20.6
TB,2000,27,1/27/00,1,Chem,2.1,2.7,20.8
TB,2000,27,1/27/00,2,Chem,3.3,3.3,26.2
TB,2000,27,1/27/00,3,Chem,3.7,2.7,21.7
TB,2000,27,1/27/00,4,Chem,3.9,0.8,6.5
TB,2000,27,1/27/00,5,Chem,4,0.2,1.6
TB,2000,27,1/27/00,6,Chem,4,0.1,0.8
TB,2000,27,1/27/00,7,Chem,4,0.1,0.8
TB,2000,52,2/21/00,0,Quarterly,0.7,1.7,12.6
TB,2000,52,2/21/00,1,Quarterly,1.5,1.3,9.8
TB,2000,52,2/21/00,2,Quarterly,3,1.7,13.4
TB,2000,52,2/21/00,3,Quarterly,3.6,1.4,11.2
TB,2000,52,2/21/00,4,Quarterly,3.8,0.5,4
TB,2000,52,2/21/00,5,Quarterly,4,0.2,1.6
TB,2000,52,2/21/00,6,Quarterly,4,0.1,0.8
TB,2000,52,2/21/00,7,Quarterly,4,0.1,0.8
TB,2001,24,1/24/01,0,Chem,1,0.3,2.2
TB,2001,24,1/24/01,1,Chem,1.6,0.2,1.5
TB,2001,24,1/24/01,2,Chem,3,0.2,1.6
TB,2001,24,1/24/01,3,Chem,3.7,0.2,1.6
TB,2001,24,1/24/01,4,Chem,3.9,0.2,1.6
TB,2001,24,1/24/01,5,Chem,3.9,0.2,1.6
TB,2001,24,1/24/01,6,Chem,3.9,0.2,1.6
TB,2001,24,1/24/01,7,Chem,4,0.2,1.6
TB,2001,50,2/19/01,0,Quarterly,0.2,0.3,2.2
TB,2001,50,2/19/01,1,Quarterly,1,0.3,2.2
TB,2001,50,2/19/01,2,Quarterly,2.6,0.3,2.3
TB,2001,50,2/19/01,3,Quarterly,3.5,0.3,2.4
TB,2001,50,2/19/01,4,Quarterly,3.7,0.3,2.4
TB,2001,50,2/19/01,5,Quarterly,3.8,0.3,2.4
TB,2001,50,2/19/01,6,Quarterly,3.9,0.3,2.4
TB,2001,50,2/19/01,7,Quarterly,3.9,0.3,2.4
TB,2001,93,4/3/01,0,Chem,0.4,1.3,9.5
TB,2001,93,4/3/01,1,Chem,0.7,0.6,4.4
TB,2001,93,4/3/01,2,Chem,2.2,0.5,3.9
TB,2001,93,4/3/01,3,Chem,3.2,0.4,3.2
TB,2001,93,4/3/01,4,Chem,3.7,0.4,3.2
TB,2001,93,4/3/01,5,Chem,3.7,0.4,3.2
TB,2001,93,4/3/01,6,Chem,3.8,0.3,2.4
TB,2001,93,4/3/01,7,Chem,3.8,0.3,2.4
TB,2002,17,1/17/02,0,Chem,0.6,3.4,25.1
TB,2002,17,1/17/02,1,Chem,1.8,1.3,9.9
TB,2002,17,1/17/02,2,Chem,2.9,1.5,11.8
TB,2002,17,1/17/02,3,Chem,3.5,1.2,9.6
TB,2002,17,1/17/02,4,Chem,3.8,0.1,0.8
TB,2002,17,1/17/02,5,Chem,3.8,0,0
TB,2002,17,1/17/02,6,Chem,3.9,0,0
TB,2002,17,1/17/02,7,Chem,4.1,0,0
TB,2002,65,3/6/02,0,Quarterly,0.6,0.1,0.7
TB,2002,65,3/6/02,1,Quarterly,1.3,0.1,0.8
TB,2002,65,3/6/02,2,Quarterly,2.3,0.1,0.8
TB,2002,65,3/6/02,3,Quarterly,3.1,0.1,0.8
TB,2002,65,3/6/02,4,Quarterly,3.5,0.1,0.8
TB,2002,65,3/6/02,5,Quarterly,3.7,0.1,0.8
TB,2002,65,3/6/02,6,Quarterly,3.8,0.1,0.8
TB,2002,65,3/6/02,7,Quarterly,4.1,0.1,0.8
TB,2002,102,4/12/02,0,Chem,0.5,5.4,39.8
TB,2002,102,4/12/02,1,Chem,0.7,0.8,5.9
TB,2002,102,4/12/02,2,Chem,2,0.4,3.1
TB,2002,102,4/12/02,3,Chem,2.7,0.3,2.3
TB,2002,102,4/12/02,4,Chem,3.3,0.3,2.4
TB,2002,102,4/12/02,5,Chem,3.7,0.2,1.6
TB,2002,102,4/12/02,6,Chem,3.9,0.2,1.6
TB,2002,102,4/12/02,7,Chem,4.1,0.2,1.6
TB,2003,35,2/4/03,0,Chem,0.9,0.2,1.5
TB,2003,35,2/4/03,1,Chem,1.8,0.1,0.8
TB,2003,35,2/4/03,2,Chem,3.1,0.1,0.8
TB,2003,35,2/4/03,3,Chem,3.5,0.1,0.8
TB,2003,35,2/4/03,4,Chem,3.6,0.1,0.8
TB,2003,35,2/4/03,5,Chem,3.7,0.1,0.8
TB,2003,35,2/4/03,6,Chem,3.8,0.1,0.8
TB,2003,35,2/4/03,7,Chem,4,0.1,0.8
TB,2003,51,2/20/03,0,Quarterly,0.6,0.3,2.2
TB,2003,51,2/20/03,1,Quarterly,1.3,0.2,1.5
TB,2003,51,2/20/03,2,Quarterly,2.7,0.1,0.8
TB,2003,51,2/20/03,3,Quarterly,3.3,0.1,0.8
TB,2003,51,2/20/03,4,Quarterly,3.6,0.1,0.8
TB,2003,51,2/20/03,5,Quarterly,3.6,0.1,0.8
TB,2003,51,2/20/03,6,Quarterly,3.8,0.1,0.8
TB,2003,51,2/20/03,7,Quarterly,4.1,0.1,0.8
TB,2003,92,4/2/03,0,Chem,1.7,7.5,57.1
TB,2003,92,4/2/03,1,Chem,2.6,1.6,12.5
TB,2003,92,4/2/03,2,Chem,3.2,0.6,4.8
TB,2003,92,4/2/03,3,Chem,3.5,0.2,1.6
TB,2003,92,4/2/03,4,Chem,3.8,0.1,0.8
TB,2003,92,4/2/03,5,Chem,3.9,0.1,0.8
TB,2003,92,4/2/03,6,Chem,4,0.1,0.8
TB,2003,92,4/2/03,7,Chem,4.2,0.1,0.8
TB,2004,21,1/21/04,0,Chem,6,0.2,1.7
TB,2004,21,1/21/04,1,Chem,1.8,0.2,1.5
TB,2004,21,1/21/04,2,Chem,3.1,0.2,1.6
TB,2004,21,1/21/04,3,Chem,3.4,0.2,1.6
TB,2004,21,1/21/04,4,Chem,3.6,0.1,0.8
TB,2004,21,1/21/04,5,Chem,3.7,0.1,0.8
TB,2004,21,1/21/04,6,Chem,3.8,0.1,0.8
TB,2004,21,1/21/04,7,Chem,3.9,0.1,0.8
TB,2004,50,2/19/04,0,Quarterly,0.3,0.1,0.7
TB,2004,50,2/19/04,1,Quarterly,1.1,0.1,0.7
TB,2004,50,2/19/04,2,Quarterly,2.7,0.1,0.8
TB,2004,50,2/19/04,3,Quarterly,3.3,0.1,0.8
TB,2004,50,2/19/04,4,Quarterly,3.5,0.1,0.8
TB,2004,50,2/19/04,5,Quarterly,3.7,0.1,0.8
TB,2004,50,2/19/04,6,Quarterly,3.8,0.1,0.8
TB,2004,50,2/19/04,7,Quarterly,3.9,0.1,0.8
TB,2004,89,3/29/04,0,Chem,0.3,4.8,35.1
TB,2004,89,3/29/04,1,Chem,0.7,0.6,4.4
TB,2004,89,3/29/04,2,Chem,2,0.2,1.5
TB,2004,89,3/29/04,3,Chem,3,0.2,1.6
TB,2004,89,3/29/04,4,Chem,3.5,0.2,1.6
TB,2004,89,3/29/04,5,Chem,3.7,0.2,1.6
TB,2004,89,3/29/04,6,Chem,3.9,0.2,1.6
TB,2004,89,3/29/04,7,Chem,4,0.2,1.6
TB,2005,20,1/20/05,0,Chem,1,0.2,1.5
TB,2005,20,1/20/05,1,Chem,2.1,0.1,0.8
TB,2005,20,1/20/05,2,Chem,3.4,0.1,0.8
TB,2005,20,1/20/05,3,Chem,3.7,0.1,0.8
TB,2005,20,1/20/05,4,Chem,3.8,0.1,0.8
TB,2005,20,1/20/05,5,Chem,3.8,0.1,0.8
TB,2005,20,1/20/05,6,Chem,3.9,0.1,0.8
TB,2005,20,1/20/05,7,Chem,4.2,0.1,0.8
TB,2005,46,2/15/05,0,Quarterly,1.1,0.4,3
TB,2005,46,2/15/05,1,Quarterly,1.8,0.3,2.3
TB,2005,46,2/15/05,2,Quarterly,3.2,0.3,2.4
TB,2005,46,2/15/05,3,Quarterly,3.6,0.2,1.6
TB,2005,46,2/15/05,4,Quarterly,3.8,0.2,1.6
TB,2005,46,2/15/05,5,Quarterly,3.9,0.2,1.6
TB,2005,46,2/15/05,6,Quarterly,3.9,0.2,1.6
TB,2005,46,2/15/05,7,Quarterly,4.2,0.1,0.8
TB,2005,90,3/31/05,0,Chem,0.7,3,22.2
TB,2005,90,3/31/05,3,Chem,3.3,0.1,0.8
TB,2005,90,3/31/05,7,Chem,4.1,0.1,0.8
TB,2006,12,1/12/06,0,Chem,1.2,0.1,0.8
TB,2006,12,1/12/06,1,Chem,2.1,0.1,0.8
TB,2006,12,1/12/06,2,Chem,3.3,0.1,0.8
TB,2006,12,1/12/06,3,Chem,3.6,0.1,0.8
TB,2006,12,1/12/06,4,Chem,3.7,0.1,0.8
TB,2006,12,1/12/06,5,Chem,3.7,0.1,0.8
TB,2006,12,1/12/06,6,Chem,3.9,0.1,0.8
TB,2006,12,1/12/06,7,Chem,4,0.1,0.8
TB,2006,53,2/22/06,0,Quarterly,0.3,0.2,1.5
TB,2006,53,2/22/06,1,Quarterly,1.4,0.1,0.8
TB,2006,53,2/22/06,2,Quarterly,2.7,0.1,0.8
TB,2006,53,2/22/06,3,Quarterly,3.3,0.1,0.8
TB,2006,53,2/22/06,4,Quarterly,3.6,0.1,0.8
TB,2006,53,2/22/06,5,Quarterly,3.7,0.1,0.8
TB,2006,53,2/22/06,6,Quarterly,3.8,0.1,0.8
TB,2006,53,2/22/06,7,Quarterly,4,0.1,0.8
TB,2006,88,3/29/06,0,Chem,0.5,10,73.6
TB,2006,88,3/29/06,1,Chem,1.3,0.4,3
TB,2006,88,3/29/06,2,Chem,2.6,0.2,1.6
TB,2006,88,3/29/06,3,Chem,3.3,0.1,0.8
TB,2006,88,3/29/06,4,Chem,3.5,0.1,0.8
TB,2006,88,3/29/06,5,Chem,3.8,0.1,0.8
TB,2006,88,3/29/06,6,Chem,4,0.1,0.8
TB,2006,88,3/29/06,7,Chem,4.1,0.1,0.8
TB,2007,23,1/23/07,0,Chem,0.6,9.3,68.7
TB,2007,23,1/23/07,1,Chem,1.9,7.4,56.6
TB,2007,23,1/23/07,2,Chem,3.3,4.9,39
TB,2007,23,1/23/07,3,Chem,3.7,3.7,29.7
TB,2007,23,1/23/07,4,Chem,4,0.4,3.2
TB,2007,23,1/23/07,5,Chem,4,0.4,3.2
TB,2007,23,1/23/07,6,Chem,4.1,0.2,1.6
TB,2007,23,1/23/07,7,Chem,4.1,0.2,1.6
TB,2007,52,2/21/07,0,Quarterly,0.6,6,44.3
TB,2007,52,2/21/07,1,Quarterly,1.5,5.1,38.6
TB,2007,52,2/21/07,2,Quarterly,2.9,3.6,28.3
TB,2007,52,2/21/07,3,Quarterly,3.5,2.7,21.6
TB,2007,52,2/21/07,4,Quarterly,3.8,1.1,8.9
TB,2007,52,2/21/07,5,Quarterly,4,0.3,2.4
TB,2007,52,2/21/07,6,Quarterly,4.1,0.2,1.6
TB,2007,52,2/21/07,7,Quarterly,4.1,0.1,0.8
TB,2007,86,3/27/07,0,Chem,1.8,5.7,43.5
TB,2007,86,3/27/07,1,Chem,2.6,4.8,37.4
TB,2007,86,3/27/07,2,Chem,2.8,3.8,29.8
TB,2007,86,3/27/07,3,Chem,3.3,1.5,11.9
TB,2007,86,3/27/07,4,Chem,3.8,0.3,2.4
TB,2007,86,3/27/07,5,Chem,4,0.2,1.6
TB,2007,86,3/27/07,6,Chem,4.1,0.1,0.8
TB,2007,86,3/27/07,7,Chem,4.1,0.1,0.8
TB,2008,28,1/28/08,0,Chem,0.8,0.2,1.5
TB,2008,28,1/28/08,1,Chem,1.5,0.2,1.5
TB,2008,28,1/28/08,2,Chem,2.9,0.2,1.6
TB,2008,28,1/28/08,3,Chem,3.5,0.1,0.8
TB,2008,28,1/28/08,4,Chem,3.7,0.1,0.8
TB,2008,28,1/28/08,5,Chem,3.9,0.1,0.8
TB,2008,28,1/28/08,6,Chem,4,0.1,0.8
TB,2008,28,1/28/08,7,Chem,4.2,0.1,0.8
TB,2008,56,2/25/08,0,Quarterly,0.6,0.3,2.2
TB,2008,56,2/25/08,1,Quarterly,1.3,0.4,3
TB,2008,56,2/25/08,2,Quarterly,2.7,0.5,3.9
TB,2008,56,2/25/08,3,Quarterly,3.6,0.5,4
TB,2008,56,2/25/08,4,Quarterly,3.7,0.5,4
TB,2008,56,2/25/08,5,Quarterly,3.9,0.5,4
TB,2008,56,2/25/08,6,Quarterly,3.9,0.5,4
TB,2008,87,3/27/08,0,Chem,0.4,0.3,2.2
TB,2008,87,3/27/08,1,Chem,1,0.2,1.5
TB,2008,87,3/27/08,2,Chem,2.4,0.1,0.8
TB,2008,87,3/27/08,3,Chem,3.4,0.1,0.8
TB,2008,87,3/27/08,4,Chem,3.6,0.1,0.8
TB,2008,87,3/27/08,5,Chem,3.8,0.1,0.8
TB,2008,87,3/27/08,6,Chem,4,0.1,0.8
TB,2009,22,1/22/09,0,Chem,0.9,0.2,1.5
TB,2009,22,1/22/09,1,Chem,1.9,0.2,1.5
TB,2009,22,1/22/09,2,Chem,3.1,0.2,1.6
TB,2009,22,1/22/09,3,Chem,3.5,0.2,1.6
TB,2009,22,1/22/09,4,Chem,3.5,0.1,0.8
TB,2009,22,1/22/09,5,Chem,3.7,0.1,0.8
TB,2009,22,1/22/09,6,Chem,3.8,0.1,0.8
TB,2009,22,1/22/09,7,Chem,3.9,0.1,0.8
TB,2009,48,2/17/09,0,Quarterly,0.4,0.1,0.7
TB,2009,48,2/17/09,1,Quarterly,1.3,0.1,0.8
TB,2009,48,2/17/09,2,Quarterly,2.7,0.1,0.8
TB,2009,48,2/17/09,3,Quarterly,3.4,0.1,0.8
TB,2009,48,2/17/09,4,Quarterly,3.6,0.1,0.8
TB,2009,48,2/17/09,5,Quarterly,3.8,0.1,0.8
TB,2009,48,2/17/09,6,Quarterly,3.8,0.1,0.8
TB,2009,48,2/17/09,7,Quarterly,4,0.1,0.8
TB,2009,84,3/25/09,0,Chem,1,1,7.5
TB,2009,84,3/25/09,1,Chem,1.5,0.7,5.3
TB,2009,84,3/25/09,2,Chem,2.5,0.2,1.6
TB,2009,84,3/25/09,3,Chem,3.2,0.2,1.6
TB,2009,84,3/25/09,4,Chem,3.5,0.2,1.6
TB,2009,84,3/25/09,5,Chem,3.7,0.1,0.8
TB,2009,84,3/25/09,6,Chem,3.8,0.1,0.8
TB,2009,84,3/25/09,7,Chem,4,0.1,0.8
TB,2010,14,1/14/10,0,Chem,1.5,1.6,12.1
TB,2010,14,1/14/10,1,Chem,2.2,1.5,11.6
TB,2010,14,1/14/10,2,Chem,3.5,1.5,12
TB,2010,14,1/14/10,3,Chem,3.6,1.5,12
TB,2010,14,1/14/10,4,Chem,3.8,1.3,10.5
TB,2010,14,1/14/10,5,Chem,3.9,0.7,5.7
TB,2010,14,1/14/10,6,Chem,4,0.6,4.9
TB,2010,14,1/14/10,7,Chem,4,0.6,4.9
TB,2010,53,2/22/10,0,Quarterly,0.6,0.1,0.7
TB,2010,53,2/22/10,1,Quarterly,1.3,0.1,0.8
TB,2010,53,2/22/10,2,Quarterly,2.5,0.1,0.8
TB,2010,53,2/22/10,3,Quarterly,3.3,0.1,0.8
TB,2010,53,2/22/10,4,Quarterly,3.7,0.1,0.8
TB,2010,53,2/22/10,5,Quarterly,3.9,0.1,0.8
TB,2010,53,2/22/10,6,Quarterly,3.9,0.1,0.8
TB,2011,24,1/24/11,0,Chem,0.6,1.3,9.6
TB,2011,24,1/24/11,1,Chem,1.7,0.9,6.9
TB,2011,24,1/24/11,2,Chem,3.4,0.4,3.2
TB,2011,24,1/24/11,3,Chem,3.8,0.3,2.4
TB,2011,24,1/24/11,4,Chem,3.9,0.2,1.6
TB,2011,24,1/24/11,5,Chem,4,0.1,0.8
TB,2011,24,1/24/11,6,Chem,4.1,0.1,0.8
TB,2011,24,1/24/11,7,Chem,4.3,0,0
TB,2011,46,2/15/11,0,Quarterly,0.5,1.3,9.6
TB,2011,46,2/15/11,1,Quarterly,1.4,0.4,3
TB,2011,46,2/15/11,2,Quarterly,3,0,0
TB,2011,46,2/15/11,3,Quarterly,3.6,0,0
TB,2011,46,2/15/11,4,Quarterly,3.8,0,0
TB,2011,46,2/15/11,5,Quarterly,3.9,0,0
TB,2011,46,2/15/11,6,Quarterly,4.1,0,0
TB,2011,46,2/15/11,7,Quarterly,4.3,0,0
TB,2011,75,3/16/11,0,Chem,0.6,0.3,2.2
TB,2011,75,3/16/11,1,Chem,1.3,0.1,0.8
TB,2011,75,3/16/11,2,Chem,2.8,0.1,0.8
TB,2011,75,3/16/11,3,Chem,3.7,0.1,0.8
TB,2011,75,3/16/11,4,Chem,3.8,0.1,0.8
TB,2011,75,3/16/11,5,Chem,3.9,0.1,0.8
TB,2011,75,3/16/11,6,Chem,4.1,0.1,0.8
TB,2011,75,3/16/11,7,Chem,4.3,0.1,0.8
TB,2012,10,1/10/12,0,Chem,1.2,0.8,6
TB,2012,10,1/10/12,1,Chem,1.9,0.6,4.6
TB,2012,10,1/10/12,2,Chem,3.3,0.6,4.8
TB,2012,10,1/10/12,3,Chem,3.6,0.6,4.8
TB,2012,10,1/10/12,4,Chem,3.6,0.6,4.8
TB,2012,10,1/10/12,5,Chem,3.7,0.5,4
TB,2012,10,1/10/12,6,Chem,3.8,0.5,4
TB,2012,10,1/10/12,7,Chem,3.9,0.5,4
TB,2012,51,2/20/12,0,Quarterly,0.6,0.8,5.9
TB,2012,51,2/20/12,1,Quarterly,1.3,0.8,6
TB,2012,51,2/20/12,2,Quarterly,2.8,0.7,5.5
TB,2012,51,2/20/12,3,Quarterly,3.5,0.7,5.6
TB,2012,51,2/20/12,4,Quarterly,3.6,0.7,5.6
TB,2012,51,2/20/12,5,Quarterly,3.7,0.7,5.6
TB,2012,51,2/20/12,6,Quarterly,3.8,0.7,5.6
TB,2012,51,2/20/12,7,Quarterly,4,0.7,5.7
TB,2013,28,1/28/13,0,Chem,1.6,3.5,26.6
TB,2013,28,1/28/13,1,Chem,1.9,2.6,19.9
TB,2013,28,1/28/13,2,Chem,3.1,1.3,10.3
TB,2013,28,1/28/13,3,Chem,3.8,0.5,4
TB,2013,28,1/28/13,4,Chem,3.9,0.3,2.4
TB,2013,28,1/28/13,5,Chem,4,0.2,1.6
TB,2013,28,1/28/13,6,Chem,4,0.2,1.6
TB,2013,28,1/28/13,7,Chem,4.2,0.2,1.6
TB,2013,49,2/18/13,0,Quarterly,0.6,2,14.8
TB,2013,49,2/18/13,1,Quarterly,1.6,1.5,11.4
TB,2013,49,2/18/13,2,Quarterly,2.9,0.5,3.9
TB,2013,49,2/18/13,3,Quarterly,3.6,0.3,2.4
TB,2013,49,2/18/13,4,Quarterly,3.8,0.3,2.4
TB,2013,49,2/18/13,5,Quarterly,3.9,0.3,2.4
TB,2013,49,2/18/13,6,Quarterly,4,0.2,1.6
TB,2013,49,2/18/13,7,Quarterly,4.2,0.2,1.6
TB,2013,86,3/27/13,0,Chem,0.5,0.4,2.9
TB,2013,86,3/27/13,1,Chem,0.8,0.3,2.2
TB,2013,86,3/27/13,2,Chem,2.3,0.3,2.3
TB,2013,86,3/27/13,3,Chem,3.3,0.2,1.6
TB,2013,86,3/27/13,4,Chem,3.8,0.2,1.6
TB,2013,86,3/27/13,5,Chem,3.9,0.2,1.6
TB,2013,86,3/27/13,6,Chem,4,0.2,1.6
TB,2013,86,3/27/13,7,Chem,4.2,0.2,1.6
TB,2014,24,1/24/14,0,Chem,0.4,0.5,3.7
TB,2014,24,1/24/14,1,Chem,1.6,0.4,3
TB,2014,24,1/24/14,2,Chem,2.8,0.4,3.1
TB,2014,24,1/24/14,3,Chem,3.4,0.3,2.4
TB,2014,24,1/24/14,4,Chem,3.6,0.3,2.4
TB,2014,24,1/24/14,5,Chem,3.7,0.3,2.4
TB,2014,24,1/24/14,6,Chem,3.9,0.3,2.4
TB,2014,24,1/24/14,7,Chem,4.1,0.3,2.4
TB,2014,51,2/20/14,0,Quarterly,0.5,0.6,4.4
TB,2014,51,2/20/14,1,Quarterly,1.3,0.3,2.3
TB,2014,51,2/20/14,2,Quarterly,2.5,0.3,2.3
TB,2014,51,2/20/14,3,Quarterly,3.5,0.3,2.4
TB,2014,51,2/20/14,4,Quarterly,3.7,0.3,2.4
TB,2014,51,2/20/14,5,Quarterly,3.8,0.2,1.6
TB,2014,51,2/20/14,6,Quarterly,3.9,0.2,1.6
TB,2014,51,2/20/14,7,Quarterly,4.1,0.2,1.6
TB,2014,87,3/28/14,0,Chem,0.5,0.7,5.2
TB,2014,87,3/28/14,1,Chem,0.6,0.4,3
TB,2014,87,3/28/14,2,Chem,2.1,0.4,3.1
TB,2014,87,3/28/14,3,Chem,3.1,0.4,3.2
TB,2014,87,3/28/14,4,Chem,3.5,0.3,2.4
TB,2014,87,3/28/14,5,Chem,3.7,0.3,2.4
TB,2014,87,3/28/14,6,Chem,3.8,0.3,2.4
TB,2014,87,3/28/14,7,Chem,4,0.3,2.4
TB,2015,20,1/20/15,0,Chem,1,0.5,3.7
TB,2015,20,1/20/15,1,Chem,1.8,0.3,2.3
TB,2015,20,1/20/15,2,Chem,3.3,0.3,2.4
TB,2015,20,1/20/15,3,Chem,3.7,0.3,2.4
TB,2015,20,1/20/15,4,Chem,3.8,0.2,1.6
TB,2015,20,1/20/15,5,Chem,3.9,0.2,1.6
TB,2015,20,1/20/15,6,Chem,4,0.2,1.6
TB,2015,20,1/20/15,7,Chem,4.2,0.2,1.6
TB,2015,65,3/6/15,0,Quarterly,0.7,0.3,2.2
TB,2015,65,3/6/15,1,Quarterly,1.2,0.2,1.5
TB,2015,65,3/6/15,2,Quarterly,2.8,0.2,1.6
TB,2015,65,3/6/15,3,Quarterly,3.5,0.2,1.6
TB,2015,65,3/6/15,4,Quarterly,3.8,0.2,1.6
TB,2015,65,3/6/15,5,Quarterly,3.9,0.2,1.6
TB,2015,65,3/6/15,6,Quarterly,4,0.2,1.6
TB,2015,65,3/6/15,7,Quarterly,4.3,0.1,0.8
TB,2015,83,3/24/15,0,Chem,2.6,0.7,5.5
TB,2015,83,3/24/15,1,Chem,2.4,0.5,3.9
TB,2015,83,3/24/15,2,Chem,2.9,0.3,2.4
TB,2015,83,3/24/15,3,Chem,3.5,0.2,1.6
TB,2015,83,3/24/15,4,Chem,3.8,0.2,1.6
TB,2015,83,3/24/15,5,Chem,4,0.2,1.6
TB,2015,83,3/24/15,6,Chem,4.1,0.2,1.6
TB,2015,83,3/24/15,7,Chem,4.3,0.2,1.6
TB,2016,25,1/25/16,0,Chem,0.6,0.5,3.7
TB,2016,25,1/25/16,1,Chem,2,0.2,1.5
TB,2016,25,1/25/16,2,Chem,3.6,0.2,1.6
TB,2016,25,1/25/16,3,Chem,3.8,0.1,0.8
TB,2016,25,1/25/16,4,Chem,3.9,0.1,0.8
TB,2016,25,1/25/16,5,Chem,4,0.1,0.8
TB,2016,25,1/25/16,6,Chem,4.1,0.1,0.8
TB,2016,25,1/25/16,7,Chem,4.2,0.1,0.8
TB,2016,55,2/24/16,0,Quarterly,0.6,1.1,8.1
TB,2016,55,2/24/16,1,Quarterly,1.8,0.4,3.1
TB,2016,55,2/24/16,2,Quarterly,3.2,0.3,2.4
TB,2016,55,2/24/16,3,Quarterly,3.7,0.3,2.4
TB,2016,55,2/24/16,4,Quarterly,3.9,0.2,1.6
TB,2016,55,2/24/16,5,Quarterly,4,0.2,1.6
TB,2016,55,2/24/16,6,Quarterly,4.1,0.2,1.6
TB,2016,55,2/24/16,7,Quarterly,4.3,0.2,1.6
TB,2017,20,1/20/17,0,Chem,0.8,0.5,3.7
TB,2017,20,1/20/17,1,Chem,2.2,0.3,2.3
TB,2017,20,1/20/17,2,Chem,3.4,0.3,2.4
TB,2017,20,1/20/17,3,Chem,3.7,0.2,1.6
TB,2017,20,1/20/17,4,Chem,3.8,0.2,1.6
TB,2017,20,1/20/17,5,Chem,3.9,0.2,1.6
TB,2017,20,1/20/17,6,Chem,4,0.2,1.6
TB,2017,20,1/20/17,7,Chem,4.2,0.1,0.8
TB,2017,48,2/17/17,0,Quarterly,0.8,0.1,0.7
TB,2017,48,2/17/17,1,Quarterly,1.4,0.1,0.8
TB,2017,48,2/17/17,2,Quarterly,3,0.1,0.8
TB,2017,48,2/17/17,3,Quarterly,3.6,0.1,0.8
TB,2017,48,2/17/17,4,Quarterly,3.8,0,0
TB,2017,48,2/17/17,5,Quarterly,3.9,0,0
TB,2017,48,2/17/17,6,Quarterly,4,0,0
TB,2017,48,2/17/17,7,Quarterly,4.2,0,0
TB,2017,88,3/29/17,0,Chem,1.3,7.9,59.5
TB,2017,88,3/29/17,1,Chem,2.1,9.4,72.3
TB,2017,88,3/29/17,2,Chem,3,0.7,5.5
TB,2017,88,3/29/17,3,Chem,3.5,0.5,4
TB,2017,88,3/29/17,4,Chem,3.8,0.4,3.2
TB,2017,88,3/29/17,5,Chem,3.9,0.3,2.4
TB,2017,88,3/29/17,6,Chem,4,0.3,2.4
TB,2017,88,3/29/17,7,Chem,4.2,0.2,1.6
TB,2018,19,1/19/18,0,Chem,1.2,0.5,3.8
TB,2018,19,1/19/18,1,Chem,2,0.4,3.1
TB,2018,19,1/19/18,2,Chem,3.4,0.3,2.4
TB,2018,19,1/19/18,3,Chem,3.7,0.3,2.4
TB,2018,19,1/19/18,4,Chem,3.8,0.3,2.4
TB,2018,19,1/19/18,5,Chem,3.8,0.2,1.6
TB,2018,19,1/19/18,6,Chem,3.9,0.2,1.6
TB,2018,19,1/19/18,7,Chem,4.2,0.2,1.6
TB,2018,54,2/23/18,0,Quarterly,0.7,0.3,2.2
TB,2018,54,2/23/18,1,Quarterly,1.3,0.3,2.3
TB,2018,54,2/23/18,2,Quarterly,2.7,0.3,2.3
TB,2018,54,2/23/18,3,Quarterly,3.5,0.3,2.4
TB,2018,54,2/23/18,4,Quarterly,3.8,0.2,1.6
TB,2018,54,2/23/18,5,Quarterly,3.9,0.2,1.6
TB,2018,54,2/23/18,6,Quarterly,3.9,0.2,1.6
TB,2018,54,2/23/18,7,Quarterly,4.2,0.2,1.6
TB,2018,87,3/28/18,0,Chem,0.6,0.5,3.7
TB,2018,87,3/28/18,1,Chem,1,0.4,3
TB,2018,87,3/28/18,2,Chem,2.4,0.3,2.3
TB,2018,87,3/28/18,3,Chem,3.4,0.3,2.4
TB,2018,87,3/28/18,4,Chem,3.7,0.3,2.4
TB,2018,87,3/28/18,5,Chem,3.8,0.3,2.4
TB,2018,87,3/28/18,6,Chem,3.9,0.2,1.6
TB,2018,87,3/28/18,7,Chem,4.2,0.2,1.6
TB,2019,14,1/14/19,0,,0.7,0.3,2.2
TB,2019,14,1/14/19,1,,1.9,0.3,2.3
TB,2019,14,1/14/19,2,,3,0.2,1.6
TB,2019,14,1/14/19,3,,3.5,0.2,1.6
TB,2019,14,1/14/19,4,,3.6,0.2,1.6
TB,2019,14,1/14/19,5,,3.7,0.2,1.6
TB,2019,14,1/14/19,6,,3.8,0.2,1.6
TB,2019,14,1/14/19,7,,4.1,0.2,1.6
TB,2019,53,2/22/19,0,,0.6,0.5,3.7
TB,2019,53,2/22/19,1,,1.3,0.3,2.3
TB,2019,53,2/22/19,2,,2.7,0.2,1.6
TB,2019,53,2/22/19,3,,3.4,0.2,1.6
TB,2019,53,2/22/19,4,,3.6,0.2,1.6
TB,2019,53,2/22/19,5,,3.7,0.2,1.6
TB,2019,53,2/22/19,6,,3.9,0.2,1.6
TB,2019,53,2/22/19,7,,4.2,0.2,1.6
TB,2019,84,3/25/19,0,,0.5,7.9,58.2
TB,2019,84,3/25/19,1,,0.8,0.9,6.7
TB,2019,84,3/25/19,2,,2.3,0.4,3.1
TB,2019,84,3/25/19,3,,3.1,0.3,2.4
TB,2019,84,3/25/19,4,,3.5,0.3,2.4
TB,2019,84,3/25/19,5,,3.7,0.3,2.4
TB,2019,84,3/25/19,6,,3.9,0.2,1.6
TB,2019,84,3/25/19,7,,4.1,0.2,1.6